product_name,product_price,product_capacity,product_image,product_link,category
B&G Cuvee Reserve Speciale Rose ,"₦3,900.00",75cl,https://www.cellarcentral.ng/image/cache/catalog/wines/BandG/bg-cuvee-450x450.gif,https://www.cellarcentral.ng/wines?product_id=704,wine
B&G Reserve Chardonnay ,"₦5,200.00",75CL,https://www.cellarcentral.ng/image/cache/catalog/wines/BandG/BG%20Chardonnay-450x450.png,https://www.cellarcentral.ng/wines/b-and-g-reserve-chardonnay,wine
Boekenhoutskloof Semillon White ,"₦13,000.00",75cl,https://www.cellarcentral.ng/image/cache/catalog/wines/17421_boekenhoutskloof_semillon__2014_1_1-450x450.jpg,https://www.cellarcentral.ng/wines?product_id=563,wine
Cheval Des Andes ,"₦56,100.00",75cl,https://www.cellarcentral.ng/image/cache/catalog/wines/Cheval-des-Andes-2008.AR-BL-0251-08a-450x450.jpg,https://www.cellarcentral.ng/wines?product_id=495,wine
Clarendelle Bordeaux Rose ,"₦8,200.00",75cl,https://www.cellarcentral.ng/image/cache/catalog/wines/clarendelle-rose-450x450.png,https://www.cellarcentral.ng/wines/clarendelle-rose,wine
Clarendelle Amber Wine ,"₦15,600.00",50cl,https://www.cellarcentral.ng/image/cache/catalog/wines/CLARENDELLE/clarendelle-amberwine2015-450x450.jpg,https://www.cellarcentral.ng/wines?product_id=607,wine
Clarendelle Bordeaux Blanc (White) ,"₦4,100.00",37.5CL,https://www.cellarcentral.ng/image/cache/catalog/wines/clarendelle-white-half-bottle-450x450.png,https://www.cellarcentral.ng/wines?product_id=703,wine
Clarendelle Bordeaux Blanc (White) ,"₦8,800.00",75CL,https://www.cellarcentral.ng/image/cache/catalog/wines/clarendelle-white-450x450.png,https://www.cellarcentral.ng/wines?product_id=557,wine
Clarendelle Bordeaux Rouge (Red) ,"₦8,700.00",75CL,https://www.cellarcentral.ng/image/cache/catalog/wines/clarendelle-red-450x450.png,https://www.cellarcentral.ng/wines?product_id=556,wine
Clarendelle Medoc ,"₦9,240.00",75CL,https://www.cellarcentral.ng/image/cache/catalog/wines/CLARENDELLE/Clarendelle%20Medoc-450x450.png,https://www.cellarcentral.ng/wines?product_id=923,wine
Clarendelle Saint Emilion ,"₦10,300.00",75CL,https://www.cellarcentral.ng/image/cache/catalog/wines/clarendelle-st-emilion-red-450x450.png,https://www.cellarcentral.ng/wines?product_id=558,wine
Cloudy Bay Sauvignon Blanc ,"₦20,100.00",75cl,https://www.cellarcentral.ng/image/cache/catalog/Champagne/Cloudy%20bay-450x450.jpg,https://www.cellarcentral.ng/wines?product_id=518,wine
Conti Buneis Moscato D'Asti ,"₦4,900.00",75cl,https://www.cellarcentral.ng/image/cache/catalog/Sparkling%20Wines/conti%20buneis%20moscato%20dasti-450x450.jpg,https://www.cellarcentral.ng/wines?product_id=785,wine
Copenhagen Sparkling Tea Lysrod ,"₦15,000.00",75cl,https://www.cellarcentral.ng/image/cache/catalog/Sparkling%20Tea/Copenhagen%20Sparkling%20Tea%20lyserod-450x450.png,https://www.cellarcentral.ng/wines?product_id=926,wine
Fortant Cabernet Sauvignon ,"₦3,000.00",75CL,https://www.cellarcentral.ng/image/cache/catalog/wines/Fortant_Cabernet_Sauvignon_tx_GB_-_Crooped_and_NV_175_687-450x450.png,https://www.cellarcentral.ng/wines?product_id=591,wine
Fortant Sauvignon Blanc ,"₦3,000.00",75CL,https://www.cellarcentral.ng/image/cache/catalog/wines/Fortant%20Sauv%20blanc-450x450.jpg,https://www.cellarcentral.ng/wines?product_id=592,wine
Gerard Bertrand 6 Sens Blanc ,"₦4,900.00",75cl,https://www.cellarcentral.ng/image/cache/catalog/wines/6sens%20white-450x450.png,https://www.cellarcentral.ng/wines?product_id=600,wine
Gerard Bertrand 6 Sens Rouge ,"₦3,800.00",75cl,https://www.cellarcentral.ng/image/cache/catalog/wines/6sens-450x450.png,https://www.cellarcentral.ng/wines?product_id=599,wine
Gerard Bertrand Art De Vivre Clairette ,"₦8,500.00",75cl,https://www.cellarcentral.ng/image/cache/catalog/wines/art%20white-450x450.png,https://www.cellarcentral.ng/wines?product_id=608,wine
Gerard Bertrand Art de Vivre Rose ,"₦7,400.00",75CL,https://www.cellarcentral.ng/image/cache/catalog/wines/GERARD%20BERTRAND/art-d-vivre-rose2-450x450.png,https://www.cellarcentral.ng/wines?product_id=783,wine
Gerard Bertrand Art de Vivre Rouge ,"₦8,200.00",75CL,https://www.cellarcentral.ng/image/cache/catalog/wines/art-de-vivre-languedoc-2016-vin-rouge-red-blend-450x450.jpg,https://www.cellarcentral.ng/wines?product_id=609,wine
Gerard Bertrand Cigalus Red ,"₦40,700.00",75cl (2 Bottles),https://www.cellarcentral.ng/image/cache/catalog/wines/GERARD%20BERTRAND/Cigalus-Red-450x450.jpg,https://www.cellarcentral.ng/wines?product_id=882,wine
Gerard Bertrand Cote des Roses Chardonnay ,"₦6,200.00",75cl,https://www.cellarcentral.ng/image/cache/catalog/wines/Cote-des-Roses---Chardonnay-75-450x450.jpg,https://www.cellarcentral.ng/wines?product_id=545,wine
Gerard Bertrand Cote des Roses Rose ,"₦6,200.00",75cl,https://www.cellarcentral.ng/image/cache/catalog/wines/Cote-de-Roses-Rose-450x450.jpg,https://www.cellarcentral.ng/wines?product_id=526,wine
Gerard Bertrand Cote des Roses Sauvignon Blanc ,"₦6,200.00",75cl,https://www.cellarcentral.ng/image/cache/catalog/wines/Cote-des-Roses---Sauvignon-blanc-75-450x450.jpg,https://www.cellarcentral.ng/wines?product_id=611,wine
Haute Couture French Bubbles Blanc ,"₦9,900.00",75CL,https://www.cellarcentral.ng/image/cache/catalog/Champagne/Sparkling/haute_couture_blanc_nv_750-450x450.png,https://www.cellarcentral.ng/wines?product_id=492,wine
Haute Couture French Bubbles Rose ,"₦9,900.00",75CL,https://www.cellarcentral.ng/image/cache/catalog/Champagne/Sparkling/haute_couture_rose_nv_750-450x450.png,https://www.cellarcentral.ng/wines?product_id=491,wine
Krone Borealis Vintage Cuvee Brut ,"₦6,000.00",75cl,https://www.cellarcentral.ng/image/cache/catalog/Champagne/Sparkling/Krone%20Borealis-450x450.jpg,https://www.cellarcentral.ng/wines?product_id=581,wine
Krone Sparkling Night Nectar Rose ,"₦6,400.00",75cl,https://www.cellarcentral.ng/image/cache/catalog/wines/Krone-Night-Nectar-Rosé-1%20(1)-450x450.png,https://www.cellarcentral.ng/wines?product_id=512,wine
Maison Castel Cabernet Sauvignon 2020 ,"₦2,800.00",75cl,https://www.cellarcentral.ng/image/cache/catalog/wines/MAISON%20CASTEL/cabernet-sauvignon-IGP-pays-d-oc-450x450.png,https://www.cellarcentral.ng/wines?product_id=814,wine
Maison Castel Sauvignon Blanc 2020 ,"₦4,800.00",75cl,https://www.cellarcentral.ng/image/cache/catalog/wines/MAISON%20CASTEL/Maison%20castel%20Sauvignon%20Blanc-450x450.jpeg,https://www.cellarcentral.ng/wines?product_id=886,wine
MARTINI Asti Sparkling Wine ,"₦5,400.00",75cl,https://www.cellarcentral.ng/image/cache/catalog/BACARDI%20MARTINI/MARTINI/ASTI%20SPARKLING%20WINE/Large_3000_PNG-FY21_AT_Martini_Asti_75cl-450x450.png,https://www.cellarcentral.ng/wines/martini-asti,wine
Martini Prosecco ,"₦5,600.00",75CL,https://www.cellarcentral.ng/image/cache/catalog/BACARDI%20MARTINI/MARTINI/Martini-Prosecco-Bottle-Shot-450x450.gif,https://www.cellarcentral.ng/wines/martini-prosecco,wine
Martini Rose ,"₦5,400.00",75CL,https://www.cellarcentral.ng/image/cache/catalog/BACARDI%20MARTINI/MARTINI/Martini-Rose-Bottle-Shot-450x450.gif,https://www.cellarcentral.ng/wines/martini-rose,wine
MARTINI ® Brut ,"₦5,800.00",75CL,https://www.cellarcentral.ng/image/cache/catalog/BACARDI%20MARTINI/MARTINI/martini%20Brut-450x450.jpg,https://www.cellarcentral.ng/wines/martini-brut,wine
Pascal Jolivet Sancerre 2020 ,"₦16,000.00",75CL,https://www.cellarcentral.ng/image/cache/catalog/wines/Pascal%20Jolivet/Pascal%20Jolivet%20Sancerre-450x450.png,https://www.cellarcentral.ng/wines?product_id=924,wine
Penfolds St Henri Shiraz ,"₦35,800.00",75CL,https://www.cellarcentral.ng/image/cache/catalog/Champagne/0_0_orig%20(1)-450x450.jpg,https://www.cellarcentral.ng/wines?product_id=441,wine
Robertson Winery Chapel Red ,"₦4,000.00",75CL,https://www.cellarcentral.ng/image/cache/catalog/wines/RWchapelRedNV11-248x400-450x450.jpg,https://www.cellarcentral.ng/wines?product_id=399,wine
Robertson Winery Chapel Sweet Red ,"₦4,000.00",75CL,https://www.cellarcentral.ng/image/cache/catalog/wines/x12436_robertson_winery_chapel_natural_sweet_red.jpg.pagespeed.ic.fN5aIEfPTj-450x450.jpg,https://www.cellarcentral.ng/wines?product_id=505,wine
Robertson Winery Chapel White ,"₦4,000.00",75CL,https://www.cellarcentral.ng/image/cache/catalog/wines/RWchapelWhtNV11-450x450.jpg,https://www.cellarcentral.ng/wines?product_id=493,wine
Robertson Winery Natural Sweet Red ,"₦4,300.00",75cl,https://www.cellarcentral.ng/image/cache/catalog/wines/Robertson/Robertson_NS_Red-450x450.png,https://www.cellarcentral.ng/wines?product_id=748,wine
Robertson Winery Natural Sweet Rose ,"₦4,300.00",75cl,https://www.cellarcentral.ng/image/cache/catalog/wines/Robertson/Robertson_NS_Rose-450x450.png,https://www.cellarcentral.ng/wines?product_id=749,wine
Robertson Winery Natural Sweet White ,"₦4,300.00",75cl,https://www.cellarcentral.ng/image/cache/catalog/wines/Robertson/Robertson_NS_White-450x450.png,https://www.cellarcentral.ng/wines?product_id=750,wine
Roche Mazet Chardonnay ,"₦4,400.00",75cl,https://www.cellarcentral.ng/image/cache/catalog/wines/ROCHE%20MAZET/roche%20mazet-vin-blanc-chardonnay-450x450.png,https://www.cellarcentral.ng/wines?product_id=916,wine
Roche Mazet Sauvignon ,"₦2,400.00",75cl,https://www.cellarcentral.ng/image/cache/catalog/wines/ROCHE%20MAZET/roche%20mazet%20sauvignon%20blanc-450x450.jpg,https://www.cellarcentral.ng/wines?product_id=836,wine
Sandeman White Porto ,"₦6,000.00",75CL,https://www.cellarcentral.ng/image/cache/catalog/wines/sandeman-fine-white-2017-450x450.png,https://www.cellarcentral.ng/wines/sandeman-white-port,wine
Santa Cristina Umbria ,"₦7,800.00",75cl,https://www.cellarcentral.ng/image/cache/catalog/wines/santa-cristina-umbria-bianco-450x450.png,https://www.cellarcentral.ng/wines?product_id=727,wine
Scavi and Ray,"₦6,500.00",,https://www.cellarcentral.ng/image/cache/catalog/NON%20ALCOHOLIC/scavy%20and%20ray-450x450.jpg,https://www.cellarcentral.ng/wines?product_id=701,wine
Sweet Lips Natural Sweet Rose ,"₦3,500.00",75CL,https://www.cellarcentral.ng/image/cache/catalog/wines/SWEET%20LIPS/Sweet-lips-Natural-Sweet-Rose-1-450x450.jpg,https://www.cellarcentral.ng/wines?product_id=804,wine
Sweet Lips Natural Sweet White ,"₦3,500.00",75CL,https://www.cellarcentral.ng/image/cache/catalog/wines/SWEET%20LIPS/Sweetlips-white-jpg-450x450.jpg,https://www.cellarcentral.ng/wines?product_id=805,wine
Terrazas Chardonnay ,"₦8,500.00",75CL,https://www.cellarcentral.ng/image/cache/catalog/Champagne/bottle-450x450.png,https://www.cellarcentral.ng/wines?product_id=445,wine
Terrazas Reserva Malbec ,"₦9,600.00",75CL,https://www.cellarcentral.ng/image/cache/catalog/wines/bottle%20(1)-450x450.png,https://www.cellarcentral.ng/wines?product_id=414,wine
Terrazas Reserva Torrontes ,"₦8,500.00",75CL,https://www.cellarcentral.ng/image/cache/catalog/wines/bottle%20(2)-450x450.png,https://www.cellarcentral.ng/wines?product_id=415,wine
The Chocolate Block ,"₦14,000.00",75CL,https://www.cellarcentral.ng/image/cache/catalog/wines/the_chocolate_block-450x450.jpg,https://www.cellarcentral.ng/wines/the-chocolate-block-75cl,wine
Thomas Barton Reserve Graves Blanc ,"₦4,600.00",75CL,https://www.cellarcentral.ng/image/cache/catalog/wines/Thomas%20Barton%20Reserve%20Grave%20Blanc-450x450.jpg,https://www.cellarcentral.ng/wines/thomas-barton-reserve-grave-blanc,wine
Tignanello Toscana ,"₦90,200.00",75cl,https://www.cellarcentral.ng/image/cache/catalog/wines/ANTINORI/Tignanello_Ver2-450x450.jpg,https://www.cellarcentral.ng/wines?product_id=800,wine
Whispering Angel Rose Wine ,"₦12,700.00",75cl,https://www.cellarcentral.ng/image/cache/catalog/whispering-450x450.jpeg,https://www.cellarcentral.ng/wines?product_id=546,wine
Absolut Vanilia ,"₦6,000.00",1L,https://www.cellarcentral.ng/image/cache/catalog/Vodka/absolut%20vanilla%20bottle-450x450.jpg,https://www.cellarcentral.ng/spirits?product_id=706,spirit
Amaro Di Angostura ,"₦7,700.00",70CL,https://www.cellarcentral.ng/image/cache/catalog/Liqueurs/amaro-450x450.png,https://www.cellarcentral.ng/spirits?product_id=630,spirit
American Honey ,"₦9,600.00",75CL,https://www.cellarcentral.ng/image/cache/catalog/Liqueurs/Wild-Turkey-American-Honey-280042-L_large-450x450.png,https://www.cellarcentral.ng/spirits/american-honey-75cl,spirit
Angostura 1787 ,"₦33,600.00",70CL,https://www.cellarcentral.ng/image/cache/catalog/Angostura/Angostura%201787-450x450.jpg,https://www.cellarcentral.ng/spirits?product_id=624,spirit
Angostura 1824 12yrs Old ,"₦29,600.00",70CL,https://www.cellarcentral.ng/image/cache/catalog/Liqueurs/rum_ang2-450x450.jpg,https://www.cellarcentral.ng/spirits?product_id=625,spirit
Angostura 1919 ,"₦19,200.00",70CL,https://www.cellarcentral.ng/image/cache/catalog/Angostura/Angostura%202015%20Premium%201919%20Bottle%20Render-450x450.jpg,https://www.cellarcentral.ng/spirits?product_id=626,spirit
Angostura Aromatic Bitters ,"₦7,000.00",20cl,https://www.cellarcentral.ng/image/cache/catalog/Angostura/Angostura-Aromatic-Bitters-450x450.png,https://www.cellarcentral.ng/spirits?product_id=570,spirit
Angostura No.1 ,"₦63,000.00",70cl,https://www.cellarcentral.ng/image/cache/catalog/Liqueurs/Angostura%20No%201-450x450.jpg,https://www.cellarcentral.ng/spirits?product_id=697,spirit
Angostura Orange Bitters ,"₦5,000.00",10CL,https://www.cellarcentral.ng/image/cache/catalog/Angostura/Orange-Bitters-Bottle-450x450.png,https://www.cellarcentral.ng/spirits?product_id=623,spirit
Angostura Reserva 3yrs White Rum ,"₦4,800.00",70CL,https://www.cellarcentral.ng/image/cache/catalog/Liqueurs/angostura-reserva-450x450.jpg,https://www.cellarcentral.ng/spirits?product_id=629,spirit
Aperol ,"₦6,600.00",1L,https://www.cellarcentral.ng/image/cache/catalog/Liqueurs/1026125x-450x450.jpg,https://www.cellarcentral.ng/spirits/aperol-1l,spirit
Bacardi 10 Year Old Rum ,"₦17,800.00",70Cl,https://www.cellarcentral.ng/image/cache/catalog/RUMS/bacardi%20gran%20reserva%20diez%2010%20year%20rum%2070cl-450x450.jpg,https://www.cellarcentral.ng/spirits?product_id=895,spirit
Bacardi 4 Year Old Rum ,"₦8,200.00",70Cl,https://www.cellarcentral.ng/image/cache/catalog/RUMS/Bacardi%204%20years-450x450.jpg,https://www.cellarcentral.ng/spirits?product_id=896,spirit
Bacardi 8 Years ,"₦10,400.00",70cl,https://www.cellarcentral.ng/image/cache/catalog/BACARDI%20MARTINI/BACARDI/8%20YEARS/martini-fiero-450x450.png,https://www.cellarcentral.ng/spirits?product_id=790,spirit
BACARDI Carta Blanca White Rum ,"₦5,300.00",75CL,https://www.cellarcentral.ng/image/cache/catalog/BACARDI%20MARTINI/BACARDI/CARTA%20BLANCA%20WHITE%20RUM/Large_3000_PNG-FY21_BACARDI_Carta_Blanca_IPX_750ml_40--450x450.png,https://www.cellarcentral.ng/spirits/bacardi-carta-blanca-75cl,spirit
BACARDÍ® Carta Oro Golden Rum ,"₦5,100.00",75cl,https://www.cellarcentral.ng/image/cache/catalog/BACARDI%20MARTINI/BACARDI/CARTA%20ORO%20GOLDEN%20RUM/bacardi-oro-gold-450x450.png,https://www.cellarcentral.ng/spirits/bacardi-gold-75cl,spirit
BACARDÍ® Spiced ,"₦4,600.00",70cl,https://www.cellarcentral.ng/image/cache/catalog/BACARDI%20MARTINI/BACARDI/SPICED/BACARDI-RUM-SPICED-450x450.png,https://www.cellarcentral.ng/spirits?product_id=758,spirit
Bailey's Irish Cream ,"₦7,500.00",70CL,https://www.cellarcentral.ng/image/cache/catalog/Liqueurs/BAILEYS/baileys%20irish-450x450.jpg,https://www.cellarcentral.ng/spirits/baileys-irish-cream-product,spirit
BARON OTARD® VSOP Cognac ,"₦30,700.00",70cl,https://www.cellarcentral.ng/image/cache/catalog/Cognac/Baron%20Otard/BARON-OTARD-VSOP-70CL-3_2048x2048-450x450.png,https://www.cellarcentral.ng/spirits/baron-otard*70cl,spirit
Belvedere Citrus ,"₦25,000.00",1L,https://www.cellarcentral.ng/image/cache/catalog/Vodka/BELVEDERE-CITRUs-450x450.png,https://www.cellarcentral.ng/spirits/belvedere-citrus-1l,spirit
BOMBAY SAPPHIRE® Gin,"₦8,520.00",,https://www.cellarcentral.ng/image/cache/catalog/BACARDI%20MARTINI/BOMBAY%20SAPPHIRE/Large_3000_PNG-FY21_BOMBAY_Sapphire_IPX_75cl-450x450.png,https://www.cellarcentral.ng/spirits/bombay-sapphire-gin-product,spirit
Camino Blanco Tequila ,"₦6,400.00",75CL,https://www.cellarcentral.ng/image/cache/catalog/Tequila/camino-silver-450x450.jpg,https://www.cellarcentral.ng/spirits/camino-blanco-tequila-75cl,spirit
Camino Gold Tequila ,"₦6,300.00",75CL,https://www.cellarcentral.ng/image/cache/catalog/Tequila/15-thickbox_default-450x450.jpg,https://www.cellarcentral.ng/spirits/camino-gold-tequila-75cl,spirit
Campari ,"₦8,500.00",1L,https://www.cellarcentral.ng/image/cache/catalog/Liqueurs/campari_1-450x450.png,https://www.cellarcentral.ng/spirits/campari-1ltr,spirit
Campari ,"₦2,800.00",20cl,https://www.cellarcentral.ng/image/cache/catalog/Aperitif/campari-20cl-450x450.png,https://www.cellarcentral.ng/spirits?product_id=791,spirit
Captain Morgan Gold ,"₦6,000.00",70CL,https://www.cellarcentral.ng/image/cache/catalog/RUMS/Captain-Morgan-75cl-450x450.gif,https://www.cellarcentral.ng/spirits/captain-morgan-gold-70cl,spirit
Claymore Blended Scotch Whisky ,"₦5,400.00",70CL,https://www.cellarcentral.ng/image/cache/catalog/American%20Whiskey/claymore-450x450.jpg,https://www.cellarcentral.ng/spirits?product_id=500,spirit
Dalmore 15 Years.,"₦62,600.00",,https://www.cellarcentral.ng/image/cache/catalog/Whiskey/DALMORE/DALMORE-15-450x450.jpg,https://www.cellarcentral.ng/spirits?product_id=487,spirit
Dalmore 18 Years,"₦120,000.00",,https://www.cellarcentral.ng/image/cache/catalog/Whiskey/DALMORE/Dalmore_D18_2022_GM_700_Bottle-and-Angled-Box_No-Shadow-450x450.jpg,https://www.cellarcentral.ng/spirits?product_id=488,spirit
Dalmore 20 Years,"₦400,500.00",,https://www.cellarcentral.ng/image/cache/catalog/Whiskey/DALMORE/dalmore-20-years-old-450x450.jpg,https://www.cellarcentral.ng/spirits?product_id=897,spirit
Dalmore Cigar Malt Scotch Whisky,"₦75,400.00",,https://www.cellarcentral.ng/image/cache/catalog/American%20Whiskey/Cigar-malt-reserve-450x450.png,https://www.cellarcentral.ng/spirits?product_id=490,spirit
Delamain Pale & Dry X.O ,"₦49,100.00",70CL,https://www.cellarcentral.ng/image/cache/catalog/Cognac/DELAMAINE/delamain-xo-pale-and-dry-70cl-450x450.jpg,https://www.cellarcentral.ng/spirits/delamain-pale-and-dry-xo,spirit
Delamain TRIO Cognac Giftbox (3 x 200ml),"₦45,500.00",,https://www.cellarcentral.ng/image/cache/catalog/Cognac/DELAMAINE/delamain-trio-tasting-gift-set-cognac-450x450.jpg,https://www.cellarcentral.ng/spirits?product_id=796,spirit
DEWAR'S 12 Year Old Blended Scotch Whisky ,"₦14,000.00",75cl,https://www.cellarcentral.ng/image/cache/catalog/BACARDI%20MARTINI/DEWARS/12%20YEAR%20OLD/Large_3000_PNG-FY21_Dewars_12years_BIP_75cl-450x450.png,https://www.cellarcentral.ng/spirits?product_id=757,spirit
Dewar's 15 Year Old Blended Whisky ,"₦23,100.00",75Cl,https://www.cellarcentral.ng/image/cache/catalog/Whiskey/Dewar's/Dewars%2015%20yo-450x450.jpg,https://www.cellarcentral.ng/spirits?product_id=893,spirit
Dewar's 18 Year Old Blended Whisky ,"₦32,700.00",75Cl,https://www.cellarcentral.ng/image/cache/catalog/Whiskey/Dewar's/Dewars%2018%20year%20old-450x450.jpg,https://www.cellarcentral.ng/spirits?product_id=894,spirit
DUSSE XO Cognac ,"₦100,800.00",75cl,https://www.cellarcentral.ng/image/cache/catalog/BACARDI%20MARTINI/DUSSE/Large_3000_PNG-F18_DUSSE_XO_IPX_750ML-450x450.png,https://www.cellarcentral.ng/spirits?product_id=764,spirit
Eminente Reserva 7 Year Old Rum ,"₦35,700.00",70CL,https://www.cellarcentral.ng/image/cache/catalog/Liqueurs/Eminent-Rum-70cl-450x450.png,https://www.cellarcentral.ng/spirits?product_id=927,spirit
ERISTOFF Premium Vodka ,"₦3,500.00",70cl,https://www.cellarcentral.ng/image/cache/catalog/BACARDI%20MARTINI/ERISTOFF%20/eristoff-vodka-450x450.png,https://www.cellarcentral.ng/spirits?product_id=769,spirit
Espolon Tequila Reposado ,"₦14,100.00",70cl,https://www.cellarcentral.ng/image/cache/catalog/Tequila/espolon%20tequila%20reposado%20gold-450x450.png,https://www.cellarcentral.ng/spirits?product_id=714,spirit
Gin Etsu Japanese Gin 70,"₦15,400.00",cl,https://www.cellarcentral.ng/image/cache/catalog/Gin/GIN%20ETSU/GIN-ETSU-ET-BOUTEILLE-PF-450x450.jpg,https://www.cellarcentral.ng/spirits?product_id=909,spirit
Gin Mare ,"₦18,000.00",70cl,https://www.cellarcentral.ng/image/cache/catalog/Gin/gin-mare-450x450.jpg,https://www.cellarcentral.ng/spirits?product_id=595,spirit
Glenfiddich 12 Year Old ,"₦23,400.00",70CL,https://www.cellarcentral.ng/image/cache/catalog/Whiskey/GLENFIDDICH/glenfiddich-12-years-450x450.jpg,https://www.cellarcentral.ng/spirits/glenfiddich-12year-old,spirit
Glenfiddich 15 Year Old ,"₦32,300.00",70CL,https://www.cellarcentral.ng/image/cache/catalog/Whiskey/GLENFIDDICH/glenfiddich%2015%20yrs-450x450.jpg,https://www.cellarcentral.ng/spirits/glenfiddich-15-year-old,spirit
Glenfiddich 18 Year Old ,"₦51,000.00",70CL,https://www.cellarcentral.ng/image/cache/catalog/Whiskey/GLENFIDDICH/glenfiddich%2018yrs-450x450.jpg,https://www.cellarcentral.ng/spirits/glenfiddich-18-year-old,spirit
Glenfiddich 21 Year Old ,"₦141,400.00",70CL,https://www.cellarcentral.ng/image/cache/catalog/Whiskey/Glenfiddich-21-years-450x450.png,https://www.cellarcentral.ng/spirits?product_id=456,spirit
Glenfiddich 26 Year Old ,"₦500,000.00",75cl,https://www.cellarcentral.ng/image/cache/catalog/Whiskey/glenfiddich-grand-couronne_with_box-450x450.jpg,https://www.cellarcentral.ng/spirits?product_id=747,spirit
Glenfiddich Grand Cru 23 Year Old ,"₦269,000.00",70CL,https://www.cellarcentral.ng/image/cache/catalog/Cognac/glenfiddich-grand-cru-bottle-box_1-450x450.jpg,https://www.cellarcentral.ng/spirits?product_id=577,spirit
Glenmorangie 18 YO ,"₦68,000.00",75CL,https://www.cellarcentral.ng/image/cache/catalog/Whiskey/Glenmorangie-18-450x450.png,https://www.cellarcentral.ng/spirits/glenmorangie-18-yo-75cl,spirit
Glenmorangie La Santa Single Malt Whisky ,"₦24,100.00",75CL,https://www.cellarcentral.ng/image/cache/catalog/Whiskey/GLENMORANGIE/glenmorangie-lasanta-12-450x450.jpg,https://www.cellarcentral.ng/spirits/glenmorangie-product,spirit
Glenmorangie NectarD'OR ,"₦36,900.00",75CL,https://www.cellarcentral.ng/image/cache/catalog/Whiskey/Glenmorangie-Nectar-DOr-450x450.png,https://www.cellarcentral.ng/spirits?product_id=457,spirit
Glenmorangie Original ,"₦21,400.00",70CL,https://www.cellarcentral.ng/image/cache/catalog/Whiskey/Glenmorangie-original-450x450.png,https://www.cellarcentral.ng/spirits/glenmorangie-original-70cl,spirit
Glenmorangie Signet Gift Box ,"₦149,000.00",70cl,https://www.cellarcentral.ng/image/cache/catalog/Whiskey/GLENMORANGIE/Glenmorangie-TheSign3-450x450.png,https://www.cellarcentral.ng/spirits?product_id=803,spirit
Hendrick's Gin ,"₦20,000.00",75CL,https://www.cellarcentral.ng/image/cache/catalog/Gin/MIN_114637_EAA-450x450.jpg,https://www.cellarcentral.ng/spirits/hendericks-gin-75cl,spirit
Hennessy VS ,"₦14,500.00",35CL,https://www.cellarcentral.ng/image/cache/catalog/Cognac/hennessy-vs-small-bottle-450x450.png,https://www.cellarcentral.ng/spirits?product_id=571,spirit
Hennessy VS ,"₦29,000.00",70CL,https://www.cellarcentral.ng/image/cache/catalog/Cognac/Hennessy-VerySpecial-70-450x450.png,https://www.cellarcentral.ng/spirits/hennessy-vs-product,spirit
Hennessy VSOP ,"₦46,750.00",70CL,https://www.cellarcentral.ng/image/cache/catalog/Cognac/Hennessy-VSOP-450x450.png,https://www.cellarcentral.ng/spirits/hennessy-vsop-product,spirit
Hennessy XO ,"₦180,400.00",75CL,https://www.cellarcentral.ng/image/cache/catalog/Cognac/Hennessy-XO-450x450.png,https://www.cellarcentral.ng/spirits/hennessy-xo-product,spirit
Jack Daniels Old No.7 ,"₦11,700.00",75CL,https://www.cellarcentral.ng/image/cache/catalog/American%20Whiskey/Jack-Daniels-Old-No.-7-450x450.jpg,https://www.cellarcentral.ng/spirits/jack-daniels-old-no-7,spirit
Jameson whiskey ,"₦10,000.00",70CL,https://www.cellarcentral.ng/image/cache/catalog/Whiskey/JAMESON/Jameson-WhiskY-450x450.png,https://www.cellarcentral.ng/spirits/jameson-whiskey,spirit
Joe Got A Gun Tennessee Whisky ,"₦9,200.00",75cl,https://www.cellarcentral.ng/image/cache/catalog/Whiskey/JOE%20GOT%20A%20GUN/JOE-GOT-A-GUN-STRAIGHT-BARRELPF-450x450.jpg,https://www.cellarcentral.ng/spirits?product_id=817,spirit
Johnnie Walker Black Label ,"₦14,000.00",70CL,https://www.cellarcentral.ng/image/cache/catalog/product_31d1063_johnniewalkerblacklabelwhisky-450x450.jpg,https://www.cellarcentral.ng/spirits/johnnie-walker-black-label-1l,spirit
Jura 10 Year Old ,"₦19,500.00",70cl,https://www.cellarcentral.ng/image/cache/catalog/Whiskey/JURA/jura-10yo-bottlebox-450x450.png,https://www.cellarcentral.ng/spirits?product_id=917,spirit
Jura 12 Year Old ,"₦22,000.00",70cl,https://www.cellarcentral.ng/image/cache/catalog/Whiskey/JURA/jura-12yo-bottlebox-us-450x450.png,https://www.cellarcentral.ng/spirits?product_id=880,spirit
Jura 21 Year Old ,"₦126,900.00",70CL,https://www.cellarcentral.ng/image/cache/catalog/American%20Whiskey/isle-of-jura-21yo-single-malt-whisky-450x450.jpg,https://www.cellarcentral.ng/spirits?product_id=551,spirit
Label 5 Scotch Whisky 18 years,"₦26,600.00",,https://www.cellarcentral.ng/image/cache/catalog/Whiskey/LABEL%205/label-5%2018years-450x450.png,https://www.cellarcentral.ng/spirits/label-5-18-years,spirit
Label 5 Scotch Whisky with Pack ,"₦4,300.00",70CL,https://www.cellarcentral.ng/image/cache/catalog/Whiskey/LABEL%205/Label%205%20pack-450x450.jpg,https://www.cellarcentral.ng/spirits?product_id=806,spirit
Martell Blue Swift ,"₦47,650.00",70cl,https://www.cellarcentral.ng/image/cache/catalog/American%20Whiskey/Mar%20blue-450x450.jpg,https://www.cellarcentral.ng/spirits?product_id=517,spirit
Martini Fiero ,"₦4,100.00",1L,https://www.cellarcentral.ng/image/cache/catalog/BACARDI%20MARTINI/MARTINI/bacardi-reserva-8-years-450x450.png,https://www.cellarcentral.ng/spirits?product_id=789,spirit
MARTINI® Bitter Vermouth ,"₦4,800.00",1L,https://www.cellarcentral.ng/image/cache/catalog/BACARDI%20MARTINI/MARTINI/MARTINI%20BITTER/Large_3000_PNG-FY21_MARTINI_Bitter_IPX_750ml-450x450.png,https://www.cellarcentral.ng/spirits?product_id=753,spirit
MARTINI® Extra Dry Vermouth ,"₦4,600.00",1L,https://www.cellarcentral.ng/image/cache/catalog/BACARDI%20MARTINI/MARTINI/EXTRA%20DRY/Large_3000_PNG-FY21_MARTINI_Dry_IPX_1L_18--450x450.png,https://www.cellarcentral.ng/spirits?product_id=755,spirit
Monkey Shoulder ,"₦16,100.00",70cl,https://www.cellarcentral.ng/image/cache/catalog/American%20Whiskey/monkey%20shoulder-450x450.jpg,https://www.cellarcentral.ng/spirits?product_id=593,spirit
Patron Silver ,"₦17,800.00",75CL,https://www.cellarcentral.ng/image/cache/catalog/Tequila/bottle%20(1)-450x450.png,https://www.cellarcentral.ng/spirits/patron-silver,spirit
Poliakov Original Premium Vodka ,"₦2,600.00",70cl,https://www.cellarcentral.ng/image/cache/catalog/Vodka/POLIAKOV/poliakov-vodka-450x450.jpg,https://www.cellarcentral.ng/spirits?product_id=832,spirit
Portobello Road Gin,"₦19,200.00",,https://www.cellarcentral.ng/image/cache/catalog/Gin/Porto%20Bello/portobello-road-savoury-gin-450x450.jpg,https://www.cellarcentral.ng/spirits?product_id=878,spirit
Remy Martin 1738,"₦47,600.00", 75CL,https://www.cellarcentral.ng/image/cache/catalog/Cognac/Remy_Martin_1738_Cognac-450x450.jpg,https://www.cellarcentral.ng/spirits?product_id=459,spirit
Remy Martin VSOP ,"₦38,100.00",70CL,https://www.cellarcentral.ng/image/cache/catalog/Cognac/remy_martin_vsop_70cl-450x450.png,https://www.cellarcentral.ng/spirits/remy-martin-vsop-product,spirit
Remy Martin X. O ,"₦144,200.00",70CL,https://www.cellarcentral.ng/image/cache/catalog/Cognac/REMY%20MARTIN/remy%20martin%20xo-450x450.jpg,https://www.cellarcentral.ng/spirits/remy-martin-xo-product,spirit
Sainte Croix VS ,"₦18,400.00",70cl,https://www.cellarcentral.ng/image/cache/catalog/Cognac/Sainte-Croix-Cognac-VS-450x450.png,https://www.cellarcentral.ng/spirits?product_id=745,spirit
Sainte Croix VSOP ,"₦20,200.00",70cl,https://www.cellarcentral.ng/image/cache/catalog/Cognac/Sainte-Croix-Cognac-VSOP-450x450.png,https://www.cellarcentral.ng/spirits?product_id=746,spirit
Sainte Croix XO ,"₦76,000.00",70cl,https://www.cellarcentral.ng/image/cache/catalog/Cognac/SANTE%20CROIX/Sainte-Croix-XO-450x450.jpg,https://www.cellarcentral.ng/spirits?product_id=844,spirit
Smirnoff Apple ,"₦6,800.00",1L,https://www.cellarcentral.ng/image/cache/catalog/Vodka/t02817867a_1-450x450.jpg,https://www.cellarcentral.ng/spirits/smirnoff-apple-1l,spirit
Smirnoff Orange ,"₦6,500.00",1L,https://www.cellarcentral.ng/image/cache/catalog/Vodka/image_4726106_full-450x450.jpeg,https://www.cellarcentral.ng/spirits/smirnoff-orange-1l,spirit
Smirnoff Raspberry ,"₦6,500.00",1L,https://www.cellarcentral.ng/image/cache/catalog/Vodka/smirnoff-raspberry-vodka-bottle-500x500-450x450.jpg,https://www.cellarcentral.ng/spirits/smirnoff-raspberry-1l,spirit
Smirnoff Red Label ,"₦7,500.00",1L,https://www.cellarcentral.ng/image/cache/catalog/Vodka/a897833cda4f66049536b8ca86af4458-450x450.jpg,https://www.cellarcentral.ng/spirits/smirnoff-vodka-red-label,spirit
Tamnavulin Double Cask ,"₦20,000.00",70cl,https://www.cellarcentral.ng/image/cache/catalog/Whiskey/TAMNAVULIN/Small-Tamnavulin_DC_CutOut_CartonAndBottle-450x450.png,https://www.cellarcentral.ng/spirits?product_id=831,spirit
Tesseron Lot 90 XO Ovation ,"₦41,000.00",70CL,https://www.cellarcentral.ng/image/cache/catalog/Cognac/tes%2090-450x450.jpg,https://www.cellarcentral.ng/spirits?product_id=621,spirit
The Famous Grouse ,₦900.00,20cl,https://www.cellarcentral.ng/image/cache/catalog/Whiskey/THE%20FAMOUS%20GROUSE/famous-grouse-200ml-450x450.png,https://www.cellarcentral.ng/spirits?product_id=879,spirit
The Famous Grouse Smoky Black ,"₦7,200.00",70cl,https://www.cellarcentral.ng/image/cache/catalog/Whiskey/THE%20FAMOUS%20GROUSE/2018-smoky-black-bottle-shot-700ml-transparent-bg-png-450x450.png,https://www.cellarcentral.ng/spirits?product_id=835,spirit
The Macallan Double Cask 15 Years Old ,"₦66,400.00",70cl,https://www.cellarcentral.ng/image/cache/catalog/Whiskey/MAC2019_15YO_Double_Cask_Bottle-450x450.png,https://www.cellarcentral.ng/spirits?product_id=725,spirit
The Macallan Double Cask 18 Years Old ,"₦161,400.00",70cl,https://www.cellarcentral.ng/image/cache/catalog/Whiskey/MAC2019_18YO_Double_Cask_Bottle-450x450.png,https://www.cellarcentral.ng/spirits?product_id=726,spirit
The Macallan Rare Cask Whisky,"₦153,600.00",,https://www.cellarcentral.ng/image/cache/catalog/Whiskey/THE%20MACALLAN/macallan-rare-cask-2021-release-p9396-15437_image-450x450.jpg,https://www.cellarcentral.ng/spirits/macallan-rare-cask-whisky,spirit
The Macallan Triple Cask Matured 12 Years ,"₦31,200.00",70cl,https://www.cellarcentral.ng/image/cache/catalog/Whiskey/THE%20MACALLAN/macallan%20triple%20cask%2012%20yrs-450x450.jpg,https://www.cellarcentral.ng/spirits?product_id=876,spirit
The Moor Aphro Palm Spirit ,"₦24,000.00",75CL,https://www.cellarcentral.ng/image/cache/catalog/Ghanaian%20Spirit/the%20moor-450x450.png,https://www.cellarcentral.ng/spirits?product_id=733,spirit
The Nubi Aphro Palm Spirit ,"₦24,000.00",75CL,https://www.cellarcentral.ng/image/cache/catalog/Ghanaian%20Spirit/the%20nube-450x450.png,https://www.cellarcentral.ng/spirits?product_id=734,spirit
The Observatory Whisky 20 years ,"₦20,150.00",70cl,https://www.cellarcentral.ng/image/cache/catalog/Whiskey/the%20observatory%20whisky-450x450.jpg,https://www.cellarcentral.ng/spirits?product_id=751,spirit
Volcan Blanco ,"₦32,600.00", 70CL,https://www.cellarcentral.ng/image/cache/catalog/Tequila/VOLCAN-PROMO-1-450x450.jpg,https://www.cellarcentral.ng/spirits?product_id=612,spirit
Volcan Cristallino ,"₦53,000.00",75cl,https://www.cellarcentral.ng/image/cache/catalog/Tequila/VOLCAN-PROMO-2-450x450.jpg,https://www.cellarcentral.ng/spirits?product_id=597,spirit
WILLIAM LAWSON'S™ Finest Blend ,"₦5,300.00",75cl,https://www.cellarcentral.ng/image/cache/catalog/Whiskey/WILLIAM%20LAWSON'S/WILLIAM-LAWSONS-BOTTLE-SHOT-450x450.png,https://www.cellarcentral.ng/spirits?product_id=767,spirit
Armand de Brignac Brut Gold ,"₦255,200.00",75cl (Ace of Spade),https://www.cellarcentral.ng/image/cache/catalog/Champagne/Armand%20de%20Brignac/armand-de-brignac-brut-gold-velveg-75cl-450x450.jpg,https://www.cellarcentral.ng/champagne-and-sparkling/armand-de-brignac-brut-gold,hampagne
Armand de Brignac Rosé ,"₦359,600.00",75cl (Ace of Spade),https://www.cellarcentral.ng/image/cache/catalog/Champagne/Armand%20de%20Brignac/armand%20de%20brignac%20rose-450x450.jpg,https://www.cellarcentral.ng/champagne-and-sparkling?product_id=688,hampagne
Billecart Salmon Brut Rose ,"₦58,500.00",75CL,https://www.cellarcentral.ng/image/cache/catalog/Champagne/Sparkling/Billecart-Salmon-Brut-Rose_-450x450.jpg,https://www.cellarcentral.ng/champagne-and-sparkling?product_id=617,hampagne
Billecart Salmon Demi-sec ,"₦41,400.00",75CL,https://www.cellarcentral.ng/image/cache/catalog/Champagne/Billecart/billecart-demisec-450x450.png,https://www.cellarcentral.ng/champagne-and-sparkling?product_id=616,hampagne
Bollinger Rosé ,"₦45,000.00",75cl,https://www.cellarcentral.ng/image/cache/catalog/Champagne/Bollinger/Bollinger_Rose1-450x450.jpg,https://www.cellarcentral.ng/champagne-and-sparkling?product_id=837,hampagne
Bollinger Special Cuvée Brut ,"₦30,500.00",75cl,https://www.cellarcentral.ng/image/cache/catalog/Champagne/Bollinger/bollinger-champagne-special-cuvee-raw-white-wine-75-cl-with-its-case-450x450.jpg,https://www.cellarcentral.ng/champagne-and-sparkling?product_id=838,hampagne
Conti Buneis Moscato D'Asti ,"₦4,900.00",75cl,https://www.cellarcentral.ng/image/cache/catalog/Sparkling%20Wines/conti%20buneis%20moscato%20dasti-450x450.jpg,https://www.cellarcentral.ng/champagne-and-sparkling?product_id=785,hampagne
Haute Couture French Bubbles Blanc ,"₦9,900.00",75CL,https://www.cellarcentral.ng/image/cache/catalog/Champagne/Sparkling/haute_couture_blanc_nv_750-450x450.png,https://www.cellarcentral.ng/champagne-and-sparkling?product_id=492,hampagne
Krone Borealis Vintage Cuvee Brut ,"₦6,000.00",75cl,https://www.cellarcentral.ng/image/cache/catalog/Champagne/Sparkling/Krone%20Borealis-450x450.jpg,https://www.cellarcentral.ng/champagne-and-sparkling?product_id=581,hampagne
Laurent Perrier Cuvee Rose ,"₦52,000.00",75CL,https://www.cellarcentral.ng/image/cache/catalog/Champagne/LAURENT%20PERRIER/Bouteille%20Cuvée%20Rosé%20%20-%20Copie-450x450.png,https://www.cellarcentral.ng/champagne-and-sparkling?product_id=915,hampagne
Laurent Perrier Cuvee Rose Butterfly Cage ,"₦60,200.00",75CL,https://www.cellarcentral.ng/image/cache/catalog/Champagne/LAURENT%20PERRIER/Updated/Laurent_Perrier_Cuvee_Rose_Butterfly__20605-450x450.jpg,https://www.cellarcentral.ng/champagne-and-sparkling?product_id=913,hampagne
Laurent Perrier Harmony Demi-Sec ,"₦37,000.00",75CL,https://www.cellarcentral.ng/image/cache/catalog/Champagne/LAURENT%20PERRIER/Updated/Packshot-Btl-Harmony-CMJN-450x450.jpg,https://www.cellarcentral.ng/champagne-and-sparkling/laurent-perrier-demi-sec,hampagne
Laurent Perrier La Cuvee Brut ,"₦35,000.00",75CL,https://www.cellarcentral.ng/image/cache/catalog/Champagne/LAURENT%20PERRIER/Updated/Packshot-La-Cuvee-Bte-450x450.jpg,https://www.cellarcentral.ng/champagne-and-sparkling/laurent-perrier-brut,hampagne
Maison Castel Ice Cuvee Blanche Demi Sec White ,"₦3,400.00",75cl,https://www.cellarcentral.ng/image/cache/catalog/Sparkling%20Wines/MAISON%20CASTEL/ice-cuvee-blanche-450x450.png,https://www.cellarcentral.ng/champagne-and-sparkling?product_id=811,hampagne
Maison Castel Ice Cuvee Rosee Demi Sec Rose ,"₦3,400.00",75cl,https://www.cellarcentral.ng/image/cache/catalog/Sparkling%20Wines/MAISON%20CASTEL/ice-cuvee-rosee-small-450x450.png,https://www.cellarcentral.ng/champagne-and-sparkling?product_id=812,hampagne
Martini Rose ,"₦5,400.00",75CL,https://www.cellarcentral.ng/image/cache/catalog/BACARDI%20MARTINI/MARTINI/Martini-Rose-Bottle-Shot-450x450.gif,https://www.cellarcentral.ng/champagne-and-sparkling/martini-rose,hampagne
Moet & Chandon Brut Imperial ,"₦51,040.00",75CL,https://www.cellarcentral.ng/image/cache/catalog/Champagne/1050627x-450x450.jpg,https://www.cellarcentral.ng/champagne-and-sparkling?product_id=908,hampagne
Moet & Chandon Brut Imperial Love Edition ,"₦45,900.00",75CL,https://www.cellarcentral.ng/image/cache/catalog/Champagne/MOet/MOET/Love%20Edition/Moet%20Brut%20Love%20Eddition-450x450.PNG,https://www.cellarcentral.ng/champagne-and-sparkling/moet-and-chandon-brut-imperial,hampagne
Moet & Chandon Ice Imperial ,"₦65,500.00",75CL,https://www.cellarcentral.ng/image/cache/catalog/Champagne/MOet/MoetChandon-IceImperial-450x450.png,https://www.cellarcentral.ng/champagne-and-sparkling/moet-and-chandon-ice-imperial,hampagne
Moet & Chandon Nectar Imperial ,"₦50,400.00",75CL,https://www.cellarcentral.ng/image/cache/catalog/Champagne/MOet/MoetChandon-NectarImperial-450x450.png,https://www.cellarcentral.ng/champagne-and-sparkling/moet-and-chandon-nectar-imperial,hampagne
Moet & Chandon Nectar Rose Imperial ,"₦55,000.00",75CL,https://www.cellarcentral.ng/image/cache/catalog/Champagne/MOet/MoetChandon-NectarImperialRose-450x450.png,https://www.cellarcentral.ng/champagne-and-sparkling/moet-and-chandon-nectar-rose-imperial,hampagne
Moet & Chandon Rose Imperial ,"₦55,800.00",75CL,https://www.cellarcentral.ng/image/cache/catalog/New/MOET-450x450.jpg,https://www.cellarcentral.ng/champagne-and-sparkling/moet-and-chandon-rose-imperial,hampagne
Moet & Chandon Rose Imperial Love Edition ,"₦48,100.00",75CL,https://www.cellarcentral.ng/image/cache/catalog/Champagne/MOet/MOET/Love%20Edition/moet-chandon-love-edition-rose-imperial-champagne%20(4)-450x450.jpg,https://www.cellarcentral.ng/champagne-and-sparkling?product_id=911,hampagne
Nicolas Feuillatte Reserve Exclusive Brut ,"₦34,300.00",75cl,https://www.cellarcentral.ng/image/cache/catalog/Champagne/NICOLAS%20FEUILLATTE/Nicolas-Feuillatte-Reserve-Exclusive-Brut_75cl-450x450.png,https://www.cellarcentral.ng/champagne-and-sparkling?product_id=797,hampagne
Nicolas Feuillatte Reserve Exclusive Rose ,"₦40,450.00",75cl,https://www.cellarcentral.ng/image/cache/catalog/Champagne/NICOLAS%20FEUILLATTE/NicolasFeuillatteChampagneRoseExclusiveBrut-450x450.png,https://www.cellarcentral.ng/champagne-and-sparkling?product_id=935,hampagne
Nicolas Feuillatte Reserve Exclusive Rose Mini ,"₦22,530.00",37.5cl,https://www.cellarcentral.ng/image/cache/catalog/Champagne/NICOLAS%20FEUILLATTE/nicolas_feuillatic_reserve_rose_px__51215-450x450.png,https://www.cellarcentral.ng/champagne-and-sparkling?product_id=937,hampagne
Palmes D’or 2008 Intense Brut ,"₦100,000.00",75cl,https://www.cellarcentral.ng/image/cache/catalog/Champagne/NICOLAS%20FEUILLATTE/nicolas-feuillatte-palmes-dor-champagne-brut-2006-450x450.jpg,https://www.cellarcentral.ng/champagne-and-sparkling?product_id=810,hampagne
Palmes D’or 2008 Intense Rose ,"₦124,800.00",75cl,https://www.cellarcentral.ng/image/cache/catalog/Champagne/NICOLAS%20FEUILLATTE/nicolas-feuillatte-palmes-d-or-rose-intense-vintage-2008-450x450.jpg,https://www.cellarcentral.ng/champagne-and-sparkling?product_id=809,hampagne
Rich Lady Sparkling Rose Demi-sec (Sleeve) ,"₦3,000.00",75cl,https://www.cellarcentral.ng/image/cache/catalog/Sparkling%20Wines/rich-lady-sleeve-450x450.png,https://www.cellarcentral.ng/champagne-and-sparkling?product_id=780,hampagne
Rich Lady Sparkling Rose Wine,"₦2,600.00",,https://www.cellarcentral.ng/image/cache/catalog/wines/Rich%20Lady%20Sparkling%20Rose%20Wine-450x450.jpg,https://www.cellarcentral.ng/champagne-and-sparkling?product_id=657,hampagne
Ruinart Champagne Brut ,"₦39,700.00",75cl,https://www.cellarcentral.ng/image/cache/catalog/Champagne/ruinart-brut-450x450.png,https://www.cellarcentral.ng/champagne-and-sparkling?product_id=724,hampagne
Veuve Clicquot Brut ,"₦50,420.00",75CL,https://www.cellarcentral.ng/image/cache/catalog/Champagne/Veuve/Veuve-Clicquot-Yellow-Label-450x450.jpg,https://www.cellarcentral.ng/champagne-and-sparkling/veuve-clicquot-brut,hampagne
Veuve Clicquot Rich ,"₦74,900.00",75CL,https://www.cellarcentral.ng/image/cache/catalog/Champagne/champagne-450x450.jpg,https://www.cellarcentral.ng/champagne-and-sparkling/veuve-clicquot-rich,hampagne
Veuve Clicquot Rose ,"₦51,700.00",75CL,https://www.cellarcentral.ng/image/cache/catalog/Champagne/Veuve/rose-450x450.png,https://www.cellarcentral.ng/champagne-and-sparkling/veuve-clicquot-rose,hampagne
Angostura 1824 12yrs Old ,"₦29,600.00",70CL,https://www.cellarcentral.ng/image/cache/catalog/Liqueurs/rum_ang2-450x450.jpg,https://www.cellarcentral.ng/special-offers?product_id=625,gift idea
Armand de Brignac Rosé ,"₦359,600.00",75cl (Ace of Spade),https://www.cellarcentral.ng/image/cache/catalog/Champagne/Armand%20de%20Brignac/armand%20de%20brignac%20rose-450x450.jpg,https://www.cellarcentral.ng/special-offers?product_id=688,gift idea
BARON OTARD® VSOP Cognac ,"₦30,700.00",70cl,https://www.cellarcentral.ng/image/cache/catalog/Cognac/Baron%20Otard/BARON-OTARD-VSOP-70CL-3_2048x2048-450x450.png,https://www.cellarcentral.ng/special-offers/baron-otard*70cl,gift idea
Bollinger Rosé ,"₦45,000.00",75cl,https://www.cellarcentral.ng/image/cache/catalog/Champagne/Bollinger/Bollinger_Rose1-450x450.jpg,https://www.cellarcentral.ng/special-offers?product_id=837,gift idea
Bollinger Special Cuvée Brut ,"₦30,500.00",75cl,https://www.cellarcentral.ng/image/cache/catalog/Champagne/Bollinger/bollinger-champagne-special-cuvee-raw-white-wine-75-cl-with-its-case-450x450.jpg,https://www.cellarcentral.ng/special-offers?product_id=838,gift idea
CC Gold Hamper,"₦300,000.00",,https://www.cellarcentral.ng/image/cache/catalog/Hampers/Regular%20Hampers/BOX-2-450x450.jpg,https://www.cellarcentral.ng/special-offers?product_id=929,gift idea
CC Platinum Hamper,"₦400,000.00",,https://www.cellarcentral.ng/image/cache/catalog/Hampers/Regular%20Hampers/BOX-1-450x450.jpg,https://www.cellarcentral.ng/special-offers?product_id=928,gift idea
CC Silver Festive Hamper,"₦150,000.00",,https://www.cellarcentral.ng/image/cache/catalog/Hampers/Regular%20Hampers/BOX-3-450x450.jpg,https://www.cellarcentral.ng/special-offers?product_id=930,gift idea
Delamain Pale & Dry X.O ,"₦49,100.00",70CL,https://www.cellarcentral.ng/image/cache/catalog/Cognac/DELAMAINE/delamain-xo-pale-and-dry-70cl-450x450.jpg,https://www.cellarcentral.ng/special-offers/delamain-pale-and-dry-xo,gift idea
Delamain TRIO Cognac Giftbox (3 x 200ml),"₦45,500.00",,https://www.cellarcentral.ng/image/cache/catalog/Cognac/DELAMAINE/delamain-trio-tasting-gift-set-cognac-450x450.jpg,https://www.cellarcentral.ng/special-offers?product_id=796,gift idea
Fortnum's Time for Tea 3-Minute Tea Timer,"₦15,000.00",,https://www.cellarcentral.ng/image/cache/catalog/GIFTS%20BY%20CC/Fortnums%20Time%20for%20Tea%203Minute%20Tea%20Timer-450x450.jpg,https://www.cellarcentral.ng/special-offers?product_id=859,gift idea
Gerard Bertrand Cigalus Red ,"₦40,700.00",75cl (2 Bottles),https://www.cellarcentral.ng/image/cache/catalog/wines/GERARD%20BERTRAND/Cigalus-Red-450x450.jpg,https://www.cellarcentral.ng/special-offers?product_id=882,gift idea
Gin Etsu Japanese Gin 70,"₦15,400.00",cl,https://www.cellarcentral.ng/image/cache/catalog/Gin/GIN%20ETSU/GIN-ETSU-ET-BOUTEILLE-PF-450x450.jpg,https://www.cellarcentral.ng/special-offers?product_id=909,gift idea
Glenfiddich 12 Year Old ,"₦23,400.00",70CL,https://www.cellarcentral.ng/image/cache/catalog/Whiskey/GLENFIDDICH/glenfiddich-12-years-450x450.jpg,https://www.cellarcentral.ng/special-offers/glenfiddich-12year-old,gift idea
Glenfiddich 15 Year Old ,"₦32,300.00",70CL,https://www.cellarcentral.ng/image/cache/catalog/Whiskey/GLENFIDDICH/glenfiddich%2015%20yrs-450x450.jpg,https://www.cellarcentral.ng/special-offers/glenfiddich-15-year-old,gift idea
Glenfiddich 18 Year Old ,"₦51,000.00",70CL,https://www.cellarcentral.ng/image/cache/catalog/Whiskey/GLENFIDDICH/glenfiddich%2018yrs-450x450.jpg,https://www.cellarcentral.ng/special-offers/glenfiddich-18-year-old,gift idea
Glenfiddich 21 Year Old ,"₦141,400.00",70CL,https://www.cellarcentral.ng/image/cache/catalog/Whiskey/Glenfiddich-21-years-450x450.png,https://www.cellarcentral.ng/special-offers?product_id=456,gift idea
Glenfiddich 26 Year Old ,"₦500,000.00",75cl,https://www.cellarcentral.ng/image/cache/catalog/Whiskey/glenfiddich-grand-couronne_with_box-450x450.jpg,https://www.cellarcentral.ng/special-offers?product_id=747,gift idea
Glenfiddich Grand Cru 23 Year Old ,"₦269,000.00",70CL,https://www.cellarcentral.ng/image/cache/catalog/Cognac/glenfiddich-grand-cru-bottle-box_1-450x450.jpg,https://www.cellarcentral.ng/special-offers?product_id=577,gift idea
Glenmorangie 18 YO ,"₦68,000.00",75CL,https://www.cellarcentral.ng/image/cache/catalog/Whiskey/Glenmorangie-18-450x450.png,https://www.cellarcentral.ng/special-offers/glenmorangie-18-yo-75cl,gift idea
Glenmorangie Signet Gift Box ,"₦149,000.00",70cl,https://www.cellarcentral.ng/image/cache/catalog/Whiskey/GLENMORANGIE/Glenmorangie-TheSign3-450x450.png,https://www.cellarcentral.ng/special-offers?product_id=803,gift idea
Laurent Perrier Cuvee Rose Butterfly Cage ,"₦60,200.00",75CL,https://www.cellarcentral.ng/image/cache/catalog/Champagne/LAURENT%20PERRIER/Updated/Laurent_Perrier_Cuvee_Rose_Butterfly__20605-450x450.jpg,https://www.cellarcentral.ng/special-offers?product_id=913,gift idea
LIFVER Coasters,"₦12,000.00",,https://www.cellarcentral.ng/image/cache/catalog/GIFTS%20BY%20CC/lifver%20coaster-450x450.jpg,https://www.cellarcentral.ng/special-offers?product_id=875,gift idea
Moet & Chandon Brut Imperial Love Edition ,"₦45,900.00",75CL,https://www.cellarcentral.ng/image/cache/catalog/Champagne/MOet/MOET/Love%20Edition/Moet%20Brut%20Love%20Eddition-450x450.PNG,https://www.cellarcentral.ng/special-offers/moet-and-chandon-brut-imperial,gift idea
Moet & Chandon Rose Imperial Love Edition ,"₦48,100.00",75CL,https://www.cellarcentral.ng/image/cache/catalog/Champagne/MOet/MOET/Love%20Edition/moet-chandon-love-edition-rose-imperial-champagne%20(4)-450x450.jpg,https://www.cellarcentral.ng/special-offers?product_id=911,gift idea
Mother's Day Gift Set 1,"₦60,000.00",,https://www.cellarcentral.ng/image/cache/catalog/GIFTS%20BY%20CC/Mother's%20day/WhatsApp%20Image%202023-03-09%20at%2015.20.57-450x450.jpg,https://www.cellarcentral.ng/special-offers?product_id=932,gift idea
Mother's Day Gift Set 2,"₦60,000.00",,https://www.cellarcentral.ng/image/cache/catalog/GIFTS%20BY%20CC/Mother's%20day/WhatsApp%20Image%202023-03-09%20at%2015.20.57-450x450.jpg,https://www.cellarcentral.ng/special-offers?product_id=934,gift idea
Palmes D’or 2008 Intense Brut ,"₦100,000.00",75cl,https://www.cellarcentral.ng/image/cache/catalog/Champagne/NICOLAS%20FEUILLATTE/nicolas-feuillatte-palmes-dor-champagne-brut-2006-450x450.jpg,https://www.cellarcentral.ng/special-offers?product_id=810,gift idea
Palmes D’or 2008 Intense Rose ,"₦124,800.00",75cl,https://www.cellarcentral.ng/image/cache/catalog/Champagne/NICOLAS%20FEUILLATTE/nicolas-feuillatte-palmes-d-or-rose-intense-vintage-2008-450x450.jpg,https://www.cellarcentral.ng/special-offers?product_id=809,gift idea
Penfolds St Henri Shiraz ,"₦35,800.00",75CL,https://www.cellarcentral.ng/image/cache/catalog/Champagne/0_0_orig%20(1)-450x450.jpg,https://www.cellarcentral.ng/special-offers?product_id=441,gift idea
Sainte Croix XO ,"₦76,000.00",70cl,https://www.cellarcentral.ng/image/cache/catalog/Cognac/SANTE%20CROIX/Sainte-Croix-XO-450x450.jpg,https://www.cellarcentral.ng/special-offers?product_id=844,gift idea
The Macallan Rare Cask Whisky,"₦153,600.00",,https://www.cellarcentral.ng/image/cache/catalog/Whiskey/THE%20MACALLAN/macallan-rare-cask-2021-release-p9396-15437_image-450x450.jpg,https://www.cellarcentral.ng/special-offers/macallan-rare-cask-whisky,gift idea
The Macallan Triple Cask Matured 12 Years ,"₦31,200.00",70cl,https://www.cellarcentral.ng/image/cache/catalog/Whiskey/THE%20MACALLAN/macallan%20triple%20cask%2012%20yrs-450x450.jpg,https://www.cellarcentral.ng/special-offers?product_id=876,gift idea
Valentine's Gift Set for Her 1,"₦100,000.00",,https://www.cellarcentral.ng/image/cache/catalog/GIFTS%20BY%20CC/Valentines%20Gift%20sets/WhatsApp%20Image%202023-02-13%20at%2010.28.19%20AM%20(3)-450x450.jpeg,https://www.cellarcentral.ng/special-offers?product_id=918,gift idea
Valentine's Gift Set for Her 2,"₦60,000.00",,https://www.cellarcentral.ng/image/cache/catalog/GIFTS%20BY%20CC/Valentines%20Gift%20sets/WhatsApp%20Image%202023-02-13%20at%2010.28.19%20AM%20(2)-450x450.jpeg,https://www.cellarcentral.ng/special-offers?product_id=919,gift idea
Valentine's Gift Set for Him 1,"₦100,000.00",,https://www.cellarcentral.ng/image/cache/catalog/GIFTS%20BY%20CC/Valentines%20Gift%20sets/WhatsApp%20Image%202023-02-13%20at%2010.28.19%20AM-450x450.jpeg,https://www.cellarcentral.ng/special-offers?product_id=920,gift idea
Valentine's Gift Set for Him 2,"₦60,000.00",,https://www.cellarcentral.ng/image/cache/catalog/GIFTS%20BY%20CC/Valentines%20Gift%20sets/WhatsApp%20Image%202023-02-13%20at%2010.28.19%20AM%20(1)-450x450.jpeg,https://www.cellarcentral.ng/special-offers?product_id=922,gift idea
Veuve Clicquot Brut ,"₦50,420.00",75CL,https://www.cellarcentral.ng/image/cache/catalog/Champagne/Veuve/Veuve-Clicquot-Yellow-Label-450x450.jpg,https://www.cellarcentral.ng/special-offers/veuve-clicquot-brut,gift idea
